Large B/P,Large ROE,Large S/P,Large Return Rate in the last quarter,Large Market Value,Small systematic Risk,Annual Return.1,Excess Return.1,Systematic Risk.1,Total Risk.1,Abs. Win Rate.1,Rel. Win Rate.1,target_annual_rate,target_excess_rate,target_systematic_risk,target_total_risk,target_abs_win_rate,target_rel_win_rate
1.0,0.0,0.0,0.0,0.0,0.0,0.532,0.478,0.738,0.8,0.52,0.412,13.9,1.0,1.33,14.9,66.3,52.5
0.0,1.0,0.0,0.0,0.0,0.0,0.55,0.488,0.572,0.412,0.52,0.765,14.3,1.0,1.17,10.8,66.3,65.0
0.0,0.0,1.0,0.0,0.0,0.0,0.693,0.63,0.703,0.757,0.44,0.376,17.3,1.8,1.3,14.4,63.8,51.3
0.0,0.0,0.0,1.0,0.0,0.0,0.324,0.256,0.8,0.756,0.36,0.271,9.6,-0.2,1.39,14.4,61.3,47.5
0.0,0.0,0.0,0.0,1.0,0.0,0.327,0.307,0.432,0.209,0.72,0.447,9.6,0.1,1.04,8.7,72.5,53.8
0.0,0.0,0.0,0.0,0.0,1.0,0.2,0.2,0.491,0.429,0.2,0.235,7.0,-0.5,1.1,11.0,56.3,46.3
0.5,0.5,0.0,0.0,0.0,0.0,0.8,0.8,0.36,0.375,0.76,0.729,19.5,2.6,0.97,10.5,73.8,63.8
0.5,0.0,0.5,0.0,0.0,0.0,0.652,0.594,0.724,0.797,0.48,0.376,16.4,1.6,1.32,14.9,65.0,51.3
0.0,0.5,0.5,0.0,0.0,0.0,0.751,0.721,0.454,0.418,0.56,0.765,18.5,2.2,1.06,10.9,67.5,65.0
0.5,0.0,0.0,0.5,0.0,0.0,0.585,0.587,0.439,0.46,0.64,0.376,15.0,1.5,1.05,11.3,70.0,51.3
0.0,0.5,0.0,0.5,0.0,0.0,0.627,0.574,0.564,0.473,0.56,0.729,15.9,1.5,1.17,11.5,67.5,63.8
0.0,0.0,0.5,0.5,0.0,0.0,0.68,0.638,0.563,0.554,0.6,0.518,17.0,1.8,1.16,12.3,68.8,56.3
0.5,0.0,0.0,0.0,0.5,0.0,0.536,0.511,0.482,0.396,0.64,0.553,14.0,1.1,1.09,10.7,70.0,57.5
0.0,0.5,0.0,0.0,0.5,0.0,0.456,0.443,0.4,0.218,0.48,0.8,12.3,0.8,1.01,8.8,65.0,66.3
0.0,0.0,0.5,0.0,0.5,0.0,0.561,0.539,0.458,0.364,0.64,0.518,14.5,1.3,1.07,10.3,70.0,56.3
0.0,0.0,0.0,0.5,0.5,0.0,0.298,0.266,0.55,0.415,0.52,0.341,9.0,-0.1,1.15,10.9,66.3,50.0
0.5,0.0,0.0,0.0,0.0,0.5,0.43,0.474,0.357,0.416,0.6,0.341,11.8,0.9,0.97,10.9,68.8,50.0
0.0,0.5,0.0,0.0,0.0,0.5,0.605,0.612,0.374,0.344,0.56,0.694,15.4,1.7,0.99,10.1,67.5,62.5
0.0,0.0,0.5,0.0,0.0,0.5,0.527,0.544,0.426,0.462,0.44,0.482,13.8,1.3,1.04,11.4,63.8,55.0
0.0,0.0,0.0,0.5,0.0,0.5,0.349,0.356,0.515,0.537,0.36,0.306,10.1,0.3,1.12,12.2,61.3,48.8
0.0,0.0,0.0,0.0,0.5,0.5,0.312,0.31,0.403,0.24,0.4,0.341,9.3,0.1,1.01,9.1,62.5,50.0
0.333,0.333,0.333,0.0,0.0,0.0,0.786,0.76,0.472,0.492,0.64,0.765,19.2,2.4,1.08,11.7,70.0,65.0
0.333,0.333,0.0,0.333,0.0,0.0,0.74,0.739,0.365,0.355,0.72,0.553,18.3,2.3,0.98,10.2,72.5,57.5
0.333,0.0,0.333,0.333,0.0,0.0,0.652,0.625,0.535,0.562,0.64,0.306,16.4,1.7,1.14,12.4,70.0,48.8
0.0,0.333,0.333,0.333,0.0,0.0,0.747,0.712,0.467,0.414,0.64,0.659,18.4,2.2,1.07,10.9,70.0,61.3
0.333,0.333,0.0,0.0,0.333,0.0,0.57,0.581,0.34,0.252,0.68,0.694,14.7,1.5,0.95,9.2,71.3,62.5
0.333,0.0,0.333,0.0,0.333,0.0,0.668,0.621,0.565,0.543,0.56,0.588,16.8,1.7,1.17,12.2,67.5,58.8
0.0,0.333,0.333,0.0,0.333,0.0,0.567,0.562,0.379,0.267,0.56,0.624,14.6,1.4,0.99,9.3,67.5,60.0
0.333,0.0,0.0,0.333,0.333,0.0,0.474,0.482,0.375,0.293,0.6,0.447,12.7,1.0,0.99,9.6,68.8,53.8
0.0,0.333,0.0,0.333,0.333,0.0,0.461,0.43,0.486,0.337,0.56,0.588,12.4,0.7,1.09,10.1,67.5,58.8
0.0,0.0,0.333,0.333,0.333,0.0,0.527,0.514,0.43,0.335,0.56,0.624,13.8,1.2,1.04,10.0,67.5,60.0
0.333,0.333,0.0,0.0,0.0,0.333,0.678,0.746,0.2,0.276,0.76,0.518,17.0,2.4,0.82,9.4,73.8,56.3
0.333,0.0,0.333,0.0,0.0,0.333,0.513,0.525,0.46,0.511,0.44,0.412,13.5,1.2,1.07,11.9,63.8,52.5
0.0,0.333,0.333,0.0,0.0,0.333,0.753,0.755,0.369,0.377,0.56,0.588,18.5,2.4,0.98,10.5,67.5,58.8
0.333,0.0,0.0,0.333,0.0,0.333,0.471,0.512,0.325,0.339,0.52,0.482,12.7,1.1,0.94,10.1,66.3,55.0
0.0,0.333,0.0,0.333,0.0,0.333,0.613,0.621,0.377,0.356,0.48,0.553,15.6,1.7,0.99,10.3,65.0,57.5
0.0,0.0,0.333,0.333,0.0,0.333,0.619,0.609,0.465,0.464,0.48,0.412,15.7,1.6,1.07,11.4,65.0,52.5
0.333,0.0,0.0,0.0,0.333,0.333,0.526,0.552,0.348,0.339,0.64,0.482,13.8,1.4,0.96,10.1,70.0,55.0
0.0,0.333,0.0,0.0,0.333,0.333,0.525,0.524,0.358,0.215,0.44,0.694,13.8,1.2,0.97,8.8,63.8,62.5
0.0,0.0,0.333,0.0,0.333,0.333,0.542,0.57,0.338,0.334,0.52,0.412,14.1,1.4,0.95,10.0,66.3,52.5
0.0,0.0,0.0,0.333,0.333,0.333,0.295,0.281,0.525,0.458,0.28,0.2,9.0,0.0,1.13,11.3,58.8,45.0
0.25,0.25,0.25,0.25,0.0,0.0,0.78,0.753,0.457,0.457,0.64,0.553,19.1,2.4,1.06,11.3,70.0,57.5
0.25,0.25,0.25,0.0,0.25,0.0,0.679,0.665,0.415,0.363,0.68,0.765,17.0,1.9,1.02,10.3,71.3,65.0
0.25,0.25,0.0,0.25,0.25,0.0,0.582,0.582,0.365,0.263,0.64,0.659,15.0,1.5,0.98,9.3,70.0,61.3
0.25,0.0,0.25,0.25,0.25,0.0,0.599,0.58,0.469,0.435,0.52,0.447,15.3,1.5,1.08,11.1,66.3,53.8
0.0,0.25,0.25,0.25,0.25,0.0,0.595,0.568,0.44,0.315,0.56,0.694,15.2,1.4,1.05,9.8,67.5,62.5
0.25,0.25,0.25,0.0,0.0,0.25,0.714,0.732,0.358,0.412,0.6,0.588,17.7,2.3,0.97,10.8,68.8,58.8
0.25,0.25,0.0,0.25,0.0,0.25,0.681,0.729,0.239,0.27,0.56,0.729,17.0,2.3,0.86,9.4,67.5,63.8
0.25,0.0,0.25,0.25,0.0,0.25,0.601,0.613,0.432,0.492,0.48,0.376,15.4,1.7,1.04,11.7,65.0,51.3
0.0,0.25,0.25,0.25,0.0,0.25,0.721,0.718,0.392,0.385,0.68,0.659,17.9,2.2,1.0,10.6,71.3,61.3
0.25,0.25,0.0,0.0,0.25,0.25,0.646,0.7,0.207,0.2,0.8,0.729,16.3,2.1,0.83,8.6,75.0,63.8
0.25,0.0,0.25,0.0,0.25,0.25,0.599,0.603,0.415,0.415,0.64,0.624,15.3,1.6,1.03,10.9,70.0,60.0
0.0,0.25,0.25,0.0,0.25,0.25,0.649,0.665,0.312,0.258,0.64,0.694,16.4,1.9,0.93,9.2,70.0,62.5
0.25,0.0,0.0,0.25,0.25,0.25,0.482,0.528,0.275,0.246,0.56,0.412,12.9,1.2,0.89,9.1,67.5,52.5
0.0,0.25,0.0,0.25,0.25,0.25,0.534,0.53,0.396,0.301,0.48,0.518,14.0,1.2,1.01,9.7,65.0,56.3
0.0,0.0,0.25,0.25,0.25,0.25,0.525,0.544,0.359,0.321,0.56,0.447,13.8,1.3,0.97,9.9,67.5,53.8
0.2,0.2,0.2,0.2,0.2,0.0,0.687,0.673,0.402,0.346,0.68,0.624,17.2,2.0,1.01,10.2,71.3,60.0
0.2,0.2,0.2,0.2,0.0,0.2,0.73,0.744,0.35,0.379,0.56,0.553,18.1,2.3,0.96,10.5,67.5,57.5
0.2,0.2,0.2,0.0,0.2,0.2,0.685,0.707,0.323,0.329,0.64,0.729,17.1,2.2,0.94,10.0,70.0,63.8
0.2,0.2,0.0,0.2,0.2,0.2,0.596,0.632,0.26,0.204,0.72,0.729,15.3,1.8,0.88,8.7,72.5,63.8
0.2,0.0,0.2,0.2,0.2,0.2,0.613,0.631,0.36,0.369,0.52,0.412,15.6,1.8,0.97,10.4,66.3,52.5
0.0,0.2,0.2,0.2,0.2,0.2,0.636,0.634,0.362,0.277,0.6,0.8,16.1,1.8,0.98,9.4,68.8,66.3
0.167,0.167,0.167,0.167,0.167,0.167,0.693,0.716,0.296,0.285,0.68,0.8,17.3,2.2,0.91,9.5,71.3,66.3
